skill,overall_percent
architecture,56.25
api_design,56.25
code_generation,56.25
code_review,56.25
complexity,56.25
debugging,56.25
data_race,56.25
database,56.25
security,56.25
sql,56.25
version_control,56.25
testing,56.25
networking,56.25
performance,56.25
reliability,56.25
machine_learning,56.25
web_security,56.25
data_structures,62.5
concurrency,62.5
compilers,62.5
memory,62.5
requirements,62.5
observability,62.5
intellectual_property,68.75
credit_risk,68.75
data_quality,68.75
damages,68.75
algorithmic reasoning,68.75
consumer,68.75
constitutional,68.75
commodities,68.75
agency,68.75
legal_research,68.75
regulation,68.75
negligence,68.75
margin,68.75
earnings,68.75
employment,68.75
distributed_systems,68.75
dispute_resolution,68.75
ambiguity,68.75
corporate,68.75
contracts,68.75
criminal_law,68.75
jurisdiction,68.75
torts,68.75
legal_reasoning,68.75
privacy,71.875
contract,71.875
evidence,72.91666666666667
financial_reasoning,75.0
derivatives,75.0
health_ai,75.0
guidelines,75.0
data_privacy,75.0
decision_making,75.0
communication,75.0
accounting,75.0
bonds,75.0
correlation,75.0
epidemiology,75.0
dividends,75.0
bias,75.0
backtesting,75.0
screening,75.0
survivorship_bias,75.0
liquidity,75.0
market_structure,75.0
portfolio,75.0
risk_management,75.0
professional_ethics,75.0
technical_analysis,75.0
macroeconomics,75.0
issue_spotting,75.0
meta_analysis,75.0
leverage,75.0
uncertainty,78.125
statistics,79.16666666666667
genetics,81.25
experimental_design,81.25
climate,81.25
chemistry,81.25
astronomy,81.25
biology,81.25
ecology,81.25
drug_safety,81.25
evolution,81.25
geology,81.25
diagnostics,81.25
diagnosis,81.25
causation,81.25
causal_inference,81.25
cash_flow,81.25
clinical_trials,81.25
confounding,81.25
diagnostic_reasoning,81.25
laboratory,81.25
inflation,81.25
risk_communication,81.25
reproducibility,81.25
peer_review,81.25
physics,81.25
measurement,81.25
medical_imaging,81.25
scientific_reasoning,81.25
risk,81.25
public_health,81.25
scientific_models,81.25
valuation,81.25
clinical_reasoning,87.5
